ID,NAME
1,61b653d22c8ba
2,61b653d22c8c9
3,61b653d22c8cb
4,61b653d22c8cd
5,61b653d22c8cf
6,61b653d22c8d1
7,61b653d22c8d4
8,61b653d22c8d6
9,61b653d22c8e1
10,61b653d22c8e3
11,61b653d22c8e5
12,61b653d22c8e7
13,61b653d22c8e9
14,61b653d22c8eb
15,61b653d22c8ed
16,61b653d22c8ef
17,61b653d22c8f2
18,61b653d22c8f4
19,61b653d22c8f6
20,61b653d22c8f8
21,61b653d22c8fa
22,61b653d22c8fc
23,61b653d22c8fe
24,61b653d22c900
25,61b653d22c902
26,61b653d22c904
27,61b653d22c906
28,61b653d22c908
29,61b653d22c90a
30,61b653d22c90c
31,61b653d22c90e
32,61b653d22c911
33,61b653d22c913
34,61b653d22c915
35,61b653d22c91f
36,61b653d22c921
37,61b653d22c923
38,61b653d22c925
39,61b653d22c927
40,61b653d22c929
41,61b653d22c92b
42,61b653d22c92d
43,61b653d22c92f
44,61b653d22c931
45,61b653d22c933
46,61b653d22c935
47,61b653d22c937
48,61b653d22c939
49,61b653d22c93b
50,61b653d22c93d
51,61b653d22c93f
52,61b653d22c941
53,61b653d22c943
54,61b653d22c946
55,61b653d22c948
56,61b653d22c94a
57,61b653d22c94c
58,61b653d22c94e
59,61b653d22c950
60,61b653d22c952
61,61b653d22c954
62,61b653d22c956
63,61b653d22c958
64,61b653d22c95a
65,61b653d22c95c
66,61b653d22c95e
67,61b653d22c960
68,61b653d22c962
69,61b653d22c964
70,61b653d22c966
71,61b653d22c968
72,61b653d22c96a
73,61b653d22c96c
74,61b653d22c96e
75,61b653d22c970
76,61b653d22c972
77,61b653d22c974
78,61b653d22c976
79,61b653d22c978
80,61b653d22c97a
81,61b653d22c97c
82,61b653d22c97e
83,61b653d22c980
84,61b653d22c982
85,61b653d22c984
86,61b653d22c986
87,61b653d22c988
88,61b653d22c98a
89,61b653d22c98c
90,61b653d22c98e
91,61b653d22c990
92,61b653d22c992
93,61b653d22c994
94,61b653d22c996
95,61b653d22c998
96,61b653d22c99a
97,61b653d22c99c
98,61b653d22c99e
99,61b653d22c9a0
